entropy,epoch,grad_norm,learning_rate,loss,mean_token_accuracy,num_tokens,step
0.10672542238608003,1.0,0.016551468521356583,0.00018949541262593762,0.10530112981796265,0.9583048827946186,2216592.0,80
0.09394990131258965,2.0,0.008114809170365334,0.00014532799038330385,0.09275664091110229,0.9624991543591023,4398748.0,160
0.09428233802318572,3.0,0.005947421304881573,8.333360798744496e-05,0.0929638147354126,0.9622313678264618,6611985.0,240
0.09419220564886928,4.0,0.004794261418282986,2.2604196294924694e-05,0.09339674711227416,0.9620169214904308,9086583.0,330
0.09266028245911002,5.0,0.005171894561499357,1.1441868981815207e-07,0.0916477918624878,0.9630108006298542,11285521.0,410
