entropy,epoch,eval_entropy,eval_loss,eval_mean_token_accuracy,eval_num_tokens,eval_runtime,eval_samples_per_second,eval_steps_per_second,grad_norm,learning_rate,loss,mean_token_accuracy,num_tokens,step
0.16372263338416815,1.0,,,,,,,,0.02228701114654541,0.0001945518575599317,0.1633319854736328,0.9411528922617436,639460.0,30
0.12129098922014236,2.0,,,,,,,,0.011026579886674881,0.00015150380749100545,0.12308683395385742,0.9506717592477798,1491620.0,70
0.1144670276902616,3.0,,,,,,,,0.00812140665948391,8.435655349597689e-05,0.11901801824569702,0.9523255467414856,2342618.0,110
,4.0,0.10848791678746542,0.11429448425769806,0.9537947940826416,3186939.0,18.7244,8.011,4.005,,,,,,150
0.11247302983936511,5.0,,,,,,,,0.008011560887098312,1.5230484360873044e-08,0.11525909900665283,0.9541466024361158,4028480.0,190
